{
  "conv": {
    "lr": {
      "0": 0.04,
      "1": 0.032,
      "2": 0.025600000000000005,
      "3": 0.020480000000000005,
      "4": 0.016384000000000003,
      "5": 0.013107200000000003,
      "6": 0.010485760000000004,
      "7": 0.008388608000000004,
      "8": 0.006710886400000004,
      "9": 0.005368709120000002,
      "10": 0.0042949672960000025,
      "11": 0.0034359738368000023,
      "12": 0.0027487790694400017,
      "13": 0.0021990232555520015,
      "14": 0.0017592186044416015,
      "15": 0.0014073748835532812
    },
    "loss": {
      "train": {
        "0": 2.134995888074239,
        "1": 1.7054632755120596,
        "2": 1.4931008168061575,
        "3": 1.356149170398712,
        "4": 1.289389109214147,
        "5": 1.2082870956261953,
        "6": 1.178103864590327,
        "7": 1.1154979968070984,
        "8": 1.0951654251416525,
        "9": 1.0888881405194601,
        "10": 1.0468638410170874,
        "11": 1.0394064994653065,
        "12": 1.0331149723132451,
        "13": 1.0133024619023006,
        "14": 0.996775811513265,
        "15": 1.0158483163515726
      },
      "valid": {
        "0": 2.5380158257484435,
        "1": 1.7478228437900543,
        "2": 1.5804496169090272,
        "3": 1.3838955295085906,
        "4": 1.3470829641819,
        "5": 1.3625858163833617,
        "6": 1.3368075168132783,
        "7": 1.3519438803195953,
        "8": 1.350306066274643,
        "9": 1.29871013879776,
        "10": 1.3076636409759521,
        "11": 1.3077806675434112,
        "12": 1.3209984135627746,
        "13": 1.300078991651535,
        "14": 1.3193566346168517,
        "15": 1.3113508880138398
      }
    },
    "loss_0": {
      "train": {
        "0": 2.322315222422282,
        "1": 1.9521015326182047,
        "2": 1.7647966249783833,
        "3": 1.650017215013504,
        "4": 1.5913697377840679,
        "5": 1.5279609441757203,
        "6": 1.4974213914076486,
        "7": 1.4503522237141928,
        "8": 1.4334014360109966,
        "9": 1.4282026946544648,
        "10": 1.3976609273751577,
        "11": 1.387552634080251,
        "12": 1.3814333307743072,
        "13": 1.3693923882643382,
        "14": 1.354912314414978,
        "15": 1.36665487686793
      },
      "valid": {
        "0": 2.7469710183143614,
        "1": 2.018169815540314,
        "2": 1.8417763710021973,
        "3": 1.6682504081726075,
        "4": 1.6407697010040283,
        "5": 1.6574512577056886,
        "6": 1.6369739055633545,
        "7": 1.653432421684265,
        "8": 1.6526472616195678,
        "9": 1.6045366549491882,
        "10": 1.6101120281219483,
        "11": 1.6123918318748474,
        "12": 1.625335886478424,
        "13": 1.6033160066604615,
        "14": 1.6228471112251281,
        "15": 1.6160063362121582
      }
    },
    "loss_1": {
      "train": {
        "0": 1.577893775900205,
        "1": 2.0835326811174553,
        "2": 2.2976174171765646,
        "3": 2.4889910610516868,
        "4": 2.5556545861562094,
        "5": 2.712561535835266,
        "6": 2.7072483770052593,
        "7": 2.842865453561147,
        "8": 2.872470423380534,
        "9": 2.879975029627482,
        "10": 2.9853583081563313,
        "11": 2.955230168501536,
        "12": 2.9567235803604124,
        "13": 3.0287459890047708,
        "14": 3.044941066900889,
        "15": 2.977613174120585
      },
      "valid": {
        "0": 1.7793394994735718,
        "1": 2.3043893909454347,
        "2": 2.2169764852523803,
        "3": 2.406921020746231,
        "4": 2.485255630016327,
        "5": 2.5013168692588805,
        "6": 2.5466516280174254,
        "7": 2.561514142751694,
        "8": 2.568782629966736,
        "9": 2.5960599040985106,
        "10": 2.5668734526634216,
        "11": 2.5867710304260254,
        "12": 2.58495751619339,
        "13": 2.572260329723358,
        "14": 2.5768031740188597,
        "15": 2.587064607143402
      }
    },
    "loss_2": {
      "train": {
        "0": 0.29529965759565435,
        "1": 0.3828497536232074,
        "2": 0.4193406428893407,
        "3": 0.4496893576780955,
        "4": 0.46415164351463317,
        "5": 0.48417682747046153,
        "6": 0.48592687328656514,
        "7": 0.5056767110029856,
        "8": 0.509889552394549,
        "9": 0.5131703939040502,
        "10": 0.5226124739646911,
        "11": 0.5262311281760533,
        "12": 0.5264599092801412,
        "13": 0.5321531601746877,
        "14": 0.5364239118496577,
        "15": 0.5304523867368698
      },
      "valid": {
        "0": 0.3102124348282814,
        "1": 0.399080271422863,
        "2": 0.39629101783037185,
        "3": 0.4366276869177818,
        "4": 0.4516116353869438,
        "5": 0.4473374798893929,
        "6": 0.4550121518969536,
        "7": 0.45337109684944155,
        "8": 0.4546292108297348,
        "9": 0.46220519214868544,
        "10": 0.45761042296886445,
        "11": 0.45934047251939775,
        "12": 0.45841717332601545,
        "13": 0.46010983884334566,
        "14": 0.4581014174222946,
        "15": 0.4594898426532745
      }
    }
  }
}